{"minH": 0.425189393939394, "maxH": 0.8863320707070708, "minV": 0.5267094017094017, "maxV": 1.0922619047619049, "minR": -20.72540283203125, "maxR": 24.526697794596355, "minY": -28.15867551167806, "maxY": 34.77014032999674, "minM": 0.0031440944616129476, "maxM": 0.32030676580008827}