{"minH": 0.3704994192799071, "maxH": 0.8812271062271062, "minV": 0.4300882926269923, "maxV": 1.0, "minR": -22.44652811686198, "maxR": 21.934890747070312, "minY": -49.59516398111979, "maxY": 45.707342783610024, "minM": 0.011161335951979635, "maxM": 1.072738589649302}