{"minH": 0.4760262725779967, "maxH": 0.8779967159277504, "minV": 0.8000000000000002, "maxV": 1.45, "minR": -19.389022827148438, "maxR": 30.009836832682293, "minY": -31.28990872701009, "maxY": 50.0, "minM": 0.0, "maxM": 0.30358963157874386}